{"cameraMode":{"drawMode":3,"name":"Shadow Cascades","section":"Miscellaneous"},"sceneLighting":true,"audioPlay":false,"sceneViewState":{"showFog":true,"showMaterialUpdate":true,"showSkybox":true,"showFlares":true,"showImageEffects":true,"showParticleSystems":true},"in2DMode":false,"pivot":{"x":593.5850830078125,"y":198.22129821777345,"z":10.786031723022461},"rotation":{"x":-0.20286190509796143,"y":0.016740256920456888,"z":-0.003468758426606655,"w":-0.9790581464767456},"size":767.8139038085938,"orthographic":false}